Country,X,Y
Algeria,,
Angola,,
Benin,,
Botswana,,
Burkina Faso,,
Burundi,,
Cameroon,,
Cape Verde,,
Central African Republic,,
Chad,,
Comoros,,
Democratic Republic of Congo,,
Djibouti,,
Egypt,,
Equatorial Guinea,,
Eritrea,,
Ethiopia,,
Gabon,,
Gambia,,
Ghana,,
Guinea,,
Guinea Bissau,,
Ivory Coast,,
Kenya,,
Lesotho,,
Liberia,,
Libya,,
Madagascar,,
Malawi,,
Mali,,
Mauritania,,
Mauritius,,
Morocco,,
Mozambique,,
Namibia,,
Niger,,
Nigeria,,
Republic of the Congo,,
Rwanda,,
Sao Tome,,
Senegal,,
Seychelles,,
Sierra Leone,,
Somalia,,
South Africa,,
South Sudan,,
Sudan,,
Swaziland,,
Tanzania,,
Togo,,
Tunisia,,
Uganda,,
Zambia,,
Zimbabwe,,